dropout_target,model,parameter,valid_runs,failed_fraction,censoring,dropout_observed,bias,variance,mse
0.0,full,beta_chemo,2000,0.0,0.6597856249999999,0.0,-0.005091256148331502,0.02511304316159982,0.025138964050767744
0.0,full,risk_1y,2000,0.0,0.6597856249999999,0.0,0.00022692610031865845,0.00036371698735612436,0.0003637684828111301
0.0,full,risk_3y,2000,0.0,0.6597856249999999,0.0,0.00100173914441537,0.0009466817062550694,0.0009476851875685235
0.0,full,risk_5y,2000,0.0,0.6597856249999999,0.0,0.0015177215122829102,0.001383468366816687,0.0013857718454055332
0.0,no_size,beta_chemo,2000,0.0,0.6597856249999999,0.0,1.079080657081203,0.01650740825585561,1.1809224727426568
0.0,no_size,risk_1y,2000,0.0,0.6597856249999999,0.0,-0.06388670836203604,0.0001326434359488497,0.004214154941284695
0.0,no_size,risk_3y,2000,0.0,0.6597856249999999,0.0,-0.1371004906034041,0.000345752716289636,0.019142297239983737
0.0,no_size,risk_5y,2000,0.0,0.6597856249999999,0.0,-0.18349822474097133,0.0005507707368884165,0.03422236921997644
0.2,full,beta_chemo,2000,0.0,0.6825868749999999,0.15430750000000001,-0.010721456610905178,0.025723976262148292,0.025838925894007807
0.2,full,risk_1y,2000,0.0,0.6825868749999999,0.15430750000000001,0.0004012798237080506,0.00038299491003254715,0.00038315593552946226
0.2,full,risk_3y,2000,0.0,0.6825868749999999,0.15430750000000001,0.0013382984434398004,0.0010101966287317805,0.0010119876714554939
0.2,full,risk_5y,2000,0.0,0.6825868749999999,0.15430750000000001,0.0019349422729710852,0.0014853747740742936,0.0014891187756740241
0.2,no_size,beta_chemo,2000,0.0,0.6825868749999999,0.15430750000000001,1.0881496459178637,0.017017374154926084,1.2010870260660986
0.2,no_size,risk_1y,2000,0.0,0.6825868749999999,0.15430750000000001,-0.06455115767798592,0.00014012933968228115,0.004306981297250482
0.2,no_size,risk_3y,2000,0.0,0.6825868749999999,0.15430750000000001,-0.1382456928648748,0.00036582575618558714,0.019477697351874882
0.2,no_size,risk_5y,2000,0.0,0.6825868749999999,0.15430750000000001,-0.18492787332150312,0.0005821713576235377,0.034780489688837436
0.5,full,beta_chemo,2000,0.0,0.722865625,0.3919025,-0.012210775359017823,0.03079926496265331,0.03094836799752171
0.5,full,risk_1y,2000,0.0,0.722865625,0.3919025,-0.00025089674937575634,0.00042077086802044377,0.0004208338171992911
0.5,full,risk_3y,2000,0.0,0.722865625,0.3919025,0.0006221895072936467,0.0011970441380761772,0.0011974312578591636
0.5,full,risk_5y,2000,0.0,0.722865625,0.3919025,0.0012519961563763893,0.0018119265559810376,0.0018134940503566187
0.5,no_size,beta_chemo,2000,0.0,0.722865625,0.3919025,1.110239778850964,0.02013506729654638,1.2527674338395836
0.5,no_size,risk_1y,2000,0.0,0.722865625,0.3919025,-0.06655010533095698,0.00014986538449788294,0.004578781904059351
0.5,no_size,risk_3y,2000,0.0,0.722865625,0.3919025,-0.14140430964715903,0.00041764169159086374,0.020412820478380493
0.5,no_size,risk_5y,2000,0.0,0.722865625,0.3919025,-0.18871959372710972,0.0006820111557082533,0.036297096212233586
